Year,Month,Day,DayOfWeek,Temp_Max,Temp_Avg,Temp_Min,Dew_Max,Dew_Avg,Dew_Min,Humid_Max,Humid_Avg,Humid_Min,Wind_Max,Wind_Avg,Wind_Min,Press_Max,Press_Avg,Press_Min,Precip,Holiday
2019,1,1,3,12,7.8,6,7,3.2,2,85,73.7,68,33,10.3,0,1006.8,1003.8,995.9,27.69,1
2019,1,2,4,7,6,4,3,2.6,1,85,79.3,71,24,10.4,0,1007.2,1004.1,1000.8,0,0
2019,1,3,5,7,4.3,3,1,-0.7,-2,79,70.8,58,19,6.7,0,1003.8,1001.3,998.9,0,0
2019,1,4,6,8,6.5,3,7,4.5,0,93,86.9,71,19,10.6,0,997.9,987.7,984.2,0,0
2019,1,5,7,13,7.6,3,4,2.4,0,86,70.8,51,19,12.6,7,1000.8,996.2,989.5,17.27,0
2019,1,6,1,14,9.3,3,6,4.3,1,93,71.6,53,11,5.5,0,1005.2,1003.3,1000.8,0,0
2019,1,7,2,18,13.5,9,11,6.4,3,75,63.5,40,37,19.4,6,1002.2,997.4,993.5,0,0
2019,1,8,3,19,13.5,7,11,6.4,-4,83,63.4,35,44,23.7,13,1002.5,996.9,992.5,0,0
2019,1,9,4,6,1.4,-3,-4,-7.9,-11,59,50.6,41,43,27,20,1008.8,1005.3,1001.5,0,0
2019,1,10,5,1,-2.6,-4,-8,-10.7,-12,69,55.5,43,22,11.4,0,1012.1,1010.2,1009.2,0,0
2019,1,11,6,3,-0.5,-5,-2,-6.6,-9,89,65.3,50,15,8.3,0,1012.1,1009.7,1008.2,0,0
2019,1,12,7,4,2.3,-1,2,0,-2,92,85.3,76,17,9.8,0,1007.5,1004.7,1000.8,5.84,0
2019,1,13,1,4,2.1,1,2,0.1,-2,93,86.7,82,20,14.1,9,1008.2,1003.4,1000.2,5.08,0
2019,1,14,2,2,0.3,-2,-2,-4.1,-6,82,73.9,57,19,10.9,6,1010.8,1009.1,1007.8,1.78,0
2019,1,15,3,2,0.6,-2,-2,-3.2,-5,81,75.8,72,19,13.2,0,1009.5,1007.3,1004.8,0,0
2019,1,16,4,5,4,3,2,0.6,-1,89,78.6,76,17,10,0,1007.5,1006,1004.2,0,0
2019,1,17,5,8,5.8,4,6,3.5,1,93,85,79,20,11.9,7,1005.5,1000.7,997.5,0,0
2019,1,18,6,6,4.4,4,3,1.3,1,86,78.4,73,17,8.6,0,1004.2,1001.7,997.5,3.56,0
2019,1,19,7,9,4.4,-4,7,2.4,-6,93,86.7,76,43,18.8,0,996.9,986.8,978.6,5.08,0
2019,1,20,1,-3,-5.8,-9,-6,-12.3,-17,85,63.4,40,43,25.8,6,1012.1,1001.3,990.2,19.05,0
2019,1,21,2,-4,-7.6,-12,-13,-14.2,-16,77,60.1,42,17,8.5,0,1017.8,1014.5,1011.8,0,1
2019,1,22,3,9,1.5,-7,2,-7.5,-13,65,52,39,28,16.8,7,1012.5,1007.5,999.5,0,0
2019,1,23,4,12,7.4,-1,10,4.7,-3,93,84.1,59,33,22.1,11,998.9,991.5,987.5,2.29,0
2019,1,24,5,2,-1.3,-4,-3,-6.1,-10,85,71.1,56,31,21,13,1002.5,997.1,991.2,19.56,0
2019,1,25,6,-2,-5.4,-10,-11,-14.7,-17,63,49.5,36,30,14.9,0,1010.2,1006.9,1003.5,0,0
2019,1,26,7,6,0.9,-3,-3,-5.5,-11,75,62.7,51,28,14.2,7,1005.5,1002.8,997.2,0,0
2019,1,27,1,5,1.5,-2,1,-4.3,-7,77,66.2,59,35,13.8,0,1002.5,1000.3,998.2,0,0
2019,1,28,2,12,3.7,-3,3,-2,-9,85,69,47,44,20.9,0,997.9,992.4,987.9,0,0
2019,1,29,3,-3,-5.8,-9,-7,-12.3,-16,89,61.7,37,37,22.8,9,1002.8,1000.1,997.2,1.02,0
2019,1,30,4,-6,-12.3,-16,-8,-18.6,-26,85,61.6,41,43,21.4,7,1012.1,1006.3,999.9,1.27,0
2019,1,31,5,-4,-9.4,-15,-11,-16.8,-22,61,55.7,50,15,6.6,0,1014.1,1011.1,1005.2,0,0
2019,2,1,6,4,-0.7,-3,-1,-3.8,-10,92,80.6,60,11,5.5,0,1008.8,1007,1004.8,0,0
2019,2,2,7,14,2.6,-2,5,0,-2,96,85,53,9,5.9,0,1008.2,1005.6,1000.5,0.51,0
2019,2,3,1,21,12.3,5,7,4.4,2,79,61.2,36,22,8.6,0,1000.5,998.3,996.2,0,0
2019,2,4,2,16,13.9,8,13,10.8,5,87,81.8,72,22,12.7,0,996.9,994.8,992.9,0,0
2019,2,5,3,16,11.9,9,14,10,7,96,89.3,83,24,7.7,0,1001.5,998.2,995.5,1.78,0
2019,2,6,4,18,15.9,11,17,13.8,10,97,87.5,75,24,10.7,0,996.2,994.4,992.5,3.3,0
2019,2,7,5,21,15.2,2,17,13.1,-1,97,87.5,71,52,20.9,0,1001.8,992.5,989.2,13.97,0
2019,2,8,6,1,-3.3,-7,-4,-10.2,-12,72,60.2,47,33,22.5,11,1023.5,1014.7,1004.2,31.75,0
2019,2,9,7,2,-3.2,-8,-9,-11.3,-13,71,54.5,39,19,13,6,1026.8,1022.9,1017.5,0,0
2019,2,10,1,6,1.3,-3,4,-2.6,-10,93,75.8,56,15,7.8,0,1017.1,1010.3,1003.5,0,0
2019,2,11,2,11,7.6,6,9,6.5,4,97,92.4,89,11,6.4,0,1003.5,999,990.9,20.57,0
2019,2,12,3,14,10,2,13,7.2,-5,93,83.1,61,52,23.8,0,997.2,988.7,985.2,50.55,0
2019,2,13,4,6,2.4,-1,-4,-6.8,-9,70,51.8,41,37,21.4,6,1002.8,1000.5,997.2,7.37,0
2019,2,14,5,15,10.1,3,3,-2.5,-5,60,42.5,25,37,20.8,0,999.2,991.8,986.9,0,0
2019,2,15,6,13,5.1,-1,7,-0.6,-7,86,67.2,43,28,17.3,7,996.9,993.4,987.9,0,0
2019,2,16,7,6,1.6,-2,-6,-6.7,-8,69,55.8,41,22,16.1,7,999.2,997,995.9,0.25,0
2019,2,17,1,5,2.7,0,3,-0.7,-6,93,78.7,66,24,10.7,0,996.2,991.9,988.9,0,0
2019,2,18,2,3,1.6,-1,-2,-4.2,-7,79,66.4,50,30,19.1,7,1015.5,1006.5,997.5,0,0
2019,2,19,3,4,1,-2,-2,-5.8,-8,78,61.7,45,19,12.6,0,1019.1,1013.8,1005.8,0,0
2019,2,20,4,12,6.2,1,11,4.5,-1,97,88.7,76,37,15.8,0,1004.5,995.7,990.2,45.21,0
2019,2,21,5,8,5.8,2,2,0,-2,86,67.2,52,11,5.6,0,1007.2,1004.3,999.9,7.11,0
2019,2,22,6,8,7.1,5,1,-0.6,-2,67,59.3,55,20,13.4,7,1009.5,1007.3,1004.2,0,0
2019,2,23,7,17,10.8,6,13,8.4,-1,94,85.8,58,33,11.6,0,1004.8,995.1,983.9,0.76,0
2019,2,24,1,17,9.1,2,14,0.5,-8,87,56.6,39,57,34.4,19,1005.8,993.5,982.5,27.94,0
2019,2,25,2,7,2.6,-2,-7,-9.7,-13,61,42.4,26,30,10.5,0,1014.8,1011.7,1006.5,0,0
2019,2,26,3,14,6.5,-1,-4,-5.5,-8,75,45.7,26,9,3.6,0,1011.1,1008.6,1004.5,0,0
2019,2,27,4,19,9.5,1,7,0.8,-4,70,55.5,35,26,14.8,0,1004.5,1001.1,997.9,0,0
2019,2,28,5,5,2.5,1,0,-1.5,-3,89,77,65,22,15.9,9,1003.5,1001.1,999.5,0,0
2019,3,1,6,4,2.9,2,1,-0.5,-1,85,80,75,17,10.1,0,1001.8,1000.8,999.2,3.3,0
2019,3,2,7,7,5.2,3,2,0.4,-2,83,72,60,15,8.4,0,1004.5,1003.5,1001.8,0,0
2019,3,3,1,4,1.2,-2,0,-1.9,-6,92,81.2,67,35,20.2,9,1002.5,999.4,996.2,0,0
2019,3,4,2,-3,-6.3,-9,-7,-13.1,-16,72,59.4,46,24,18.8,15,1007.5,1005.7,1002.8,3.56,0
2019,3,5,3,-1,-6.4,-11,-11,-14.2,-16,67,55.5,40,37,19.8,7,1010.8,1007,1004.5,0,0
2019,3,6,4,2,-3.5,-8,-11,-13.4,-15,62,47.9,31,26,14.7,0,1013.8,1011.2,1009.2,0,0
2019,3,7,5,3,0.7,-2,-3,-6.8,-11,75,58.2,37,13,7.3,0,1011.5,1009.4,1006.2,0,0
2019,3,8,6,7,2.3,0,3,-0.1,-3,92,85.9,73,19,8.4,0,1006.2,1002.6,999.9,1.27,0
2019,3,9,7,18,9.8,4,14,7.6,2,93,86.5,65,41,18.5,6,1000.8,989.9,981.9,2.79,0
2019,3,10,1,16,10.5,7,9,2.7,1,68,58.7,44,31,22.5,9,1008.2,999.7,987.2,27.43,0
2019,3,11,2,13,7.9,5,1,-2.4,-5,70,50.2,29,17,8.6,0,1010.5,1009.5,1008.2,0,0
2019,3,12,3,12,6.9,2,-2,-3.6,-5,72,49.5,33,15,6.8,0,1011.8,1009.1,1003.8,0,0
2019,3,13,4,22,14.7,7,6,1.3,-4,50,40.8,31,31,14.8,0,1002.5,997.8,992.9,0,0
2019,3,14,5,26,19.3,14,17,11.8,3,90,63.9,41,69,33.5,6,993.2,987.9,982.9,9.14,0
2019,3,15,6,12,7.1,3,3,0.4,-2,73,62.1,55,31,22.3,9,1007.8,1000.5,992.9,7.37,0
2019,3,16,7,12,5.8,1,-3,-5.3,-10,70,47.7,22,24,12.8,0,1010.8,1008.9,1007.5,0,0
2019,3,17,1,14,6.4,-1,-2,-4.3,-6,72,49.3,26,33,13.2,0,1008.8,1006.4,1003.2,0,0
2019,3,18,2,12,5.9,0,-2,-5.3,-7,70,48,27,19,8.8,0,1011.8,1010.1,1008.5,0,0
2019,3,19,3,12,7.3,1,-3,-5.5,-9,72,43.8,22,9,4.5,0,1013.8,1010.8,1008.2,0,0
2019,3,20,4,17,10.8,5,5,-2.8,-6,77,41.8,21,26,12.7,0,1007.8,1002.5,997.9,0,0
2019,3,21,5,9,7.8,7,6,4,0,89,76.9,60,31,16.5,7,999.9,996.9,995.5,1.52,0
2019,3,22,6,15,8.8,4,2,-0.8,-5,79,54.1,33,33,18.9,9,1005.2,999.9,997.5,0,0
2019,3,23,7,17,8.5,0,-3,-5.8,-9,67,41,17,15,6.3,0,1009.8,1007.1,1005.2,0,0
2019,3,24,1,16,11.8,7,9,2,-6,72,53,27,22,9,0,1005.8,1002,997.5,0,0
2019,3,25,2,13,10.2,5,11,7.1,-6,93,82.1,45,31,15.1,0,1005.8,998.7,994.5,9.91,0
2019,3,26,3,12,6.2,1,-6,-9,-13,59,35.5,23,20,13.6,7,1010.5,1009.1,1006.5,0,0
2019,3,27,4,18,9.6,0,-3,-5.8,-9,73,38.2,15,15,5.4,0,1011.8,1008.5,1005.2,0,0
2019,3,28,5,24,16,6,4,1.7,-3,65,40,25,37,17.2,6,1006.5,1003.6,1000.8,0,0
2019,3,29,6,20,16,13,12,9.1,3,87,65.2,36,28,14.7,6,1002.2,1000,995.5,0,0
2019,3,30,7,20,13.6,4,14,9,-1,93,75.5,48,63,26.3,7,998.5,990.4,985.2,1.27,0
2019,3,31,1,7,3.7,1,-1,-5.3,-7,70,53.5,39,30,20.5,9,1010.8,1006.1,999.9,30.73,0
2019,4,1,2,9,4.1,-2,-6,-7.4,-9,69,45.3,29,17,7.5,0,1012.1,1009,1005.2,0,0
2019,4,2,3,17,10,4,-3,-4.6,-7,57,37.5,23,28,9.1,0,1004.8,1002.1,1000.2,0,0
2019,4,3,4,21,14.2,8,1,-0.9,-4,52,36.4,26,15,8.2,0,1009.2,1006.3,1002.5,0,0
2019,4,4,5,23,17.3,11,9,2.6,0,72,39.3,26,37,13.2,0,1007.2,1004.3,1000.2,0,0
2019,4,5,6,17,14.3,12,11,10.6,9,90,78.9,67,13,6.8,0,1002.2,1000.3,999.2,6.1,0
2019,4,6,7,22,17.5,14,12,10.3,9,84,64.5,44,17,5.8,0,1004.2,1002.1,999.9,0,0
2019,4,7,1,21,17.5,14,17,14.1,8,93,79.7,62,24,11.9,0,1000.2,997.8,994.9,5.08,0
2019,4,8,2,23,19.1,17,16,14.3,13,84,74.5,55,20,10.6,0,996.2,994.6,991.9,9.14,0
2019,4,9,3,23,19,14,14,7.5,1,90,52.7,25,31,12.2,0,993.5,992.3,991.2,0.25,0
2019,4,10,4,24,17.8,10,7,4.5,2,71,43.8,27,19,5.7,0,995.5,992.9,989.5,0,0
2019,4,11,5,29,22.8,14,12,9.3,6,59,42.8,32,37,19.8,0,991.2,989.1,987.5,0,0
2019,4,12,6,26,18.7,14,14,8.8,1,84,56.1,32,70,26.5,0,999.5,992.9,986.9,1.02,0
2019,4,13,7,22,15.4,9,9,5.5,4,77,54.4,34,19,9.5,0,1002.2,998.9,992.2,0.51,0
2019,4,14,1,26,14.7,5,18,10.6,1,93,77.9,40,48,23,0,991.9,983.3,976.2,33.53,0
2019,4,15,2,14,7.4,3,2,0.3,-2,77,62.2,42,28,15,0,1002.8,999.4,992.9,1.27,0
2019,4,16,3,26,17.4,7,8,5,2,74,47.7,30,33,16.5,7,1002.8,1000.3,996.9,0,0
2019,4,17,4,27,22.3,17,12,8.8,7,60,42.5,32,31,16.9,7,999.2,996.1,992.2,0,0
2019,4,18,5,25,20.8,15,16,12.8,9,93,62.2,43,31,20.9,9,991.9,988,984.5,0,0
2019,4,19,6,14,9.3,7,12,7.7,6,94,88.6,83,41,23.8,9,984.9,982.5,980.5,12.95,1
2019,4,20,7,8,6.8,5,6,4.3,3,90,84.6,76,26,12.5,0,994.9,987.3,981.5,56.64,0
2019,4,21,1,23,10.2,4,8,4,0,100,73.9,23,9,2.3,0,1002.8,999.6,994.9,9.4,0
2019,4,22,2,27,18.5,9,9,6.6,3,80,49.5,28,19,9.3,0,1005.2,1002.2,999.2,0,0
2019,4,23,3,29,22.4,17,16,12.7,8,73,54.7,37,37,16.4,6,998.9,997.3,995.9,0,0
2019,4,24,4,26,18.7,14,16,13.5,11,90,73.3,43,35,14.8,0,998.2,995.2,992.2,0,0
2019,4,25,5,25,19.4,17,17,15.8,14,90,79.8,56,50,14.7,0,993.5,988.9,985.2,11.68,0
2019,4,26,6,19,16.1,13,15,9.3,-1,87,67.7,28,39,24.4,13,996.5,988.3,983.2,19.81,0
2019,4,27,7,19,14.3,9,9,4.4,0,72,53.4,28,22,9.9,6,997.5,994,987.2,0,0
2019,4,28,1,19,13.2,9,12,7,4,80,67.3,47,37,20.1,9,1004.2,998.4,986.9,0.76,0
2019,4,29,2,28,18,8,15,10,4,83,62.3,41,31,11.3,0,1003.8,1000.2,996.2,0,0
2019,4,30,3,29,22.7,17,17,14.6,13,81,61.8,41,26,12.1,0,1003.2,1001.2,998.9,0,0
2019,5,1,4,29,23.7,21,19,16.3,13,90,64.9,44,37,17.6,0,1001.2,999.6,998.2,0,0
2019,5,2,5,26,20.7,17,19,17.4,16,93,81.8,54,30,9,0,1002.5,1000.9,998.5,3.3,0
2019,5,3,6,24,19.7,18,17,16.6,14,94,82.7,57,17,9.5,0,998.2,996.6,995.2,30.99,0
2019,5,4,7,21,17.3,14,17,14.6,13,93,85.1,75,26,12.9,0,995.9,993.3,991.9,7.37,0
2019,5,5,1,23,17,13,13,10.4,6,93,68.2,37,22,12.8,0,995.9,993.1,991.2,8.89,0
2019,5,6,2,26,19.6,12,12,9.7,9,86,56.3,36,13,5.6,0,1000.8,999.1,996.2,0,0
2019,5,7,3,27,22.3,15,13,12.1,11,83,54.8,38,13,5.4,0,1002.8,1000.7,999.5,0,0
2019,5,8,4,30,23.7,17,17,14.6,13,84,58.5,43,26,12.7,0,1000.5,997.5,993.5,0,0
2019,5,9,5,25,22.9,20,18,16.7,16,84,67.6,58,33,20.7,11,995.2,993.6,991.5,0,0
2019,5,10,6,20,16.3,13,17,12.2,8,87,76,64,20,14,6,1002.2,999.3,995.5,0,0
2019,5,11,7,21,15.8,11,16,11.1,6,93,74.4,58,19,11,0,1002.5,995.6,988.9,0,0
2019,5,12,1,16,12.9,11,14,10.4,8,93,85.1,72,17,13.1,0,991.9,990.1,988.5,8.64,1
2019,5,13,2,15,12.3,9,8,6.9,6,87,69.8,55,22,14.1,6,998.5,994.9,991.5,0.25,0
2019,5,14,3,22,15.9,9,8,6.4,4,83,56.4,32,13,4.6,0,1000.8,999.1,997.9,0,0
2019,5,15,4,22,16.9,12,12,9.6,8,80,64.2,45,19,8.8,0,999.5,998.2,996.9,0,0
2019,5,16,5,28,20,13,17,14.1,11,89,71.3,44,26,11.5,0,998.9,996,992.9,0,0
2019,5,17,6,32,25.9,18,19,16.3,12,84,57.9,37,28,16,6,995.2,993.7,992.2,0.25,0
2019,5,18,7,32,26.8,20,18,16.7,16,78,55,38,26,15.5,6,996.9,994.9,992.9,0,0
2019,5,19,1,26,22.8,19,19,17.5,15,88,71.9,52,31,21.8,11,994.9,993.1,991.9,0,0
2019,5,20,2,25,20,16,17,12.6,10,93,64,40,24,12.9,0,999.9,998,994.5,9.4,0
2019,5,21,3,26,18.5,13,15,11.3,8,75,63.8,50,26,17.6,11,1000.8,997.8,994.9,0,0
2019,5,22,4,28,23.9,19,22,18.2,13,82,70.2,60,22,13.7,7,999.2,997.1,994.9,0,0
2019,5,23,5,32,26.5,23,22,19.7,17,82,66.7,51,31,16.4,6,1003.5,1001.2,999.2,2.54,0
2019,5,24,6,32,27.9,22,22,19,17,87,60.2,39,24,12.4,0,1002.5,1000.8,998.5,1.78,0
2019,5,25,7,32,28.2,24,20,17.9,16,71,54.6,38,37,17.3,6,1001.2,999.9,999.2,0,0
2019,5,26,1,31,24.4,22,21,19.4,17,90,74.5,49,43,13.7,0,1000.5,999.6,997.9,0,0
2019,5,27,2,32,23.5,20,22,19.8,19,94,81.7,49,22,8.4,0,999.9,997.9,992.2,10.41,1
2019,5,28,3,32,29.2,25,20,18.8,18,71,54.1,43,31,21.8,9,993.5,991.8,990.2,0,0
2019,5,29,4,27,23,21,21,19,17,93,80.2,60,44,14,0,994.9,992.5,990.2,0,0
2019,5,30,5,24,22.1,21,20,18.7,18,90,81.9,71,26,12.5,0,994.2,992.6,991.2,28.7,0
2019,5,31,6,26,23.1,20,18,15.6,13,87,64.5,50,28,15.5,6,995.2,994.2,992.5,4.57,0
2019,6,1,7,28,23.5,18,17,15.9,14,87,63.1,44,20,9.3,0,996.2,994.1,991.9,0,0
2019,6,2,1,29,24.3,19,18,15.1,10,81,57.3,41,28,16,0,997.2,993,990.9,0,0
2019,6,3,2,26,21.4,16,11,7,4,55,40.3,30,20,8.2,0,1002.5,1000.9,997.5,0,0
2019,6,4,3,28,22.8,16,16,12.1,10,75,52.3,36,22,12.7,0,1001.8,999.1,994.5,0,0
2019,6,5,4,32,25.1,20,22,18.3,14,93,67.4,48,30,18.3,9,995.5,992.7,989.2,2.29,0
2019,6,6,5,28,24,21,22,20.2,18,90,79.7,60,17,7.4,0,993.5,992.4,991.2,15.75,0
2019,6,7,6,25,22.8,21,21,19.4,16,90,82.1,62,35,15,6,992.9,991.5,990.5,2.29,0
2019,6,8,7,28,23.7,21,22,20.1,19,90,80.7,62,24,16.6,9,992.9,991.8,990.2,10.67,0
2019,6,9,1,27,23.6,22,22,21,19,94,85.5,71,17,8.5,0,994.9,993.8,992.2,10.41,0
2019,6,10,2,26,23,19,21,18.5,10,94,77.1,43,31,14.4,0,1003.8,997,993.9,26.92,0
2019,6,11,3,25,20,14,12,8.6,5,88,51,29,30,10.1,0,1006.5,1003.8,1001.2,0,0
2019,6,12,4,24,20.2,15,16,12.5,9,78,61.3,53,24,11.3,0,1000.8,995.5,991.2,0,0
2019,6,13,5,22,18.8,16,12,8.8,4,75,54.8,33,41,23.8,7,1001.2,995,990.9,0,0
2019,6,14,6,26,19.7,11,11,8.2,6,83,50.4,32,24,11.2,0,1004.5,1001.7,998.9,0,0
2019,6,15,7,29,25.4,21,19,14.9,10,58,52,47,30,21.1,11,998.9,996.2,992.2,0,0
2019,6,16,1,32,23.6,21,22,19.1,17,90,77.1,53,39,17.3,0,996.9,994.3,992.2,8.64,1
2019,6,17,2,29,24,21,22,20.3,19,93,80.6,61,20,11.9,0,997.5,996.3,994.5,42.16,0
2019,6,18,3,28,23.6,22,22,20.7,19,94,83.1,58,22,12,0,996.9,995.2,992.2,17.02,0
2019,6,19,4,31,25.2,22,22,20.7,19,91,76.5,53,22,10.8,0,992.9,989.1,985.5,1.52,0
2019,6,20,5,26,23,21,20,18,16,90,74.3,56,35,19.3,6,994.2,988.1,985.2,3.3,0
2019,6,21,6,28,22.8,17,19,16,14,87,67.8,42,33,11.5,0,998.9,996.9,993.9,0,0
2019,6,22,7,28,22.4,20,20,18.9,18,93,81.7,62,20,9.3,0,1000.2,998.2,996.2,11.43,0
2019,6,23,1,31,23.7,20,23,19.7,17,88,79,61,65,15.7,0,999.9,996.4,991.9,9.65,0
2019,6,24,2,27,23.8,22,22,20,18,88,79.5,60,33,16.1,6,993.2,990.5,988.5,12.7,0
2019,6,25,3,29,25,20,19,17.1,15,87,63.5,41,22,11.9,6,999.9,997.5,993.5,18.03,0
2019,6,26,4,32,27.6,21,21,18.5,17,78,58.7,43,20,12,0,1003.5,1001.6,1000.2,0,0
2019,6,27,5,32,27.3,22,19,17.6,17,73,56.6,40,20,10.9,0,1005.2,1003.8,1002.2,0,0
2019,6,28,6,34,28,22,22,18.3,16,75,57.4,42,13,7.5,0,1005.2,1003.7,1001.5,0,0
2019,6,29,7,34,29.2,24,22,20.3,19,76,59.1,43,15,8.5,0,1003.8,1001.8,999.5,0,0
2019,6,30,1,34,26.7,22,22,20.6,17,91,70.2,48,54,15.9,0,1000.8,999,996.5,0,0
2019,7,1,2,33,25.9,21,22,20.2,18,91,71.9,52,41,9.9,0,1000.5,998.7,997.2,5.84,0
2019,7,2,3,34,28.8,24,23,21.2,19,87,65.1,48,30,10.9,0,998.5,996.7,994.2,0,0
2019,7,3,4,32,26.4,23,23,21.2,19,88,73.6,55,24,10.3,0,997.5,996,994.5,0,0
2019,7,4,5,33,26.6,22,23,21.1,20,90,72.6,50,19,9.7,0,999.5,997.9,996.5,13.97,1
2019,7,5,6,33,28.3,24,23,22,21,87,69.5,52,20,10.6,0,1000.5,999.2,997.9,0,0
2019,7,6,7,31,27.7,24,22,22,21,87,71.1,59,17,10.8,6,999.5,997.6,995.2,0,0
2019,7,7,1,33,29,24,24,22.2,21,87,67.7,48,19,8.7,0,996.5,995.1,993.5,0,0
2019,7,8,2,32,28,23,21,19.6,18,82,61.3,45,19,12.6,7,997.5,996.4,995.2,0.76,0
2019,7,9,3,33,28.3,23,21,19.4,18,76,59.3,45,13,6.2,0,998.9,997.4,996.5,0,0
2019,7,10,4,33,29.1,24,24,21.9,21,82,65.7,52,22,7.7,0,998.5,997.1,995.2,0,0
2019,7,11,5,33,29.2,26,24,21.4,18,87,64.8,45,24,12.4,0,995.2,994,992.2,0,0
2019,7,12,6,32,27.2,23,19,15.4,13,76,50.9,31,17,9.6,0,997.2,995.8,993.9,0,0
2019,7,13,7,33,27.2,20,19,15.9,13,76,51.8,35,15,6.9,0,1000.2,998.9,996.9,0,0
2019,7,14,1,33,28.4,24,22,21.1,18,79,64.3,48,26,12.7,0,1003.5,1001.9,1000.5,0,0
2019,7,15,2,31,27.8,24,22,20.6,19,79,65.1,49,19,9.7,0,1002.5,1001.3,999.5,0,0
2019,7,16,3,32,27.6,24,23,21.2,19,82,68.1,46,33,20.2,9,999.5,997.8,995.5,0,0
2019,7,17,4,33,26.8,24,23,22.4,21,94,77.1,54,24,16,9,997.5,996.3,995.2,2.03,0
2019,7,18,5,34,28.4,24,24,22.8,21,91,73.6,46,19,11.1,6,997.9,996.5,995.2,2.29,0
2019,7,19,6,35,30.4,26,24,23,22,81,66,49,26,14.4,7,998.9,997.4,996.2,0,0
2019,7,20,7,35,30.8,27,24,22.6,22,81,62.8,47,24,11.9,6,998.9,997,995.5,0,0
2019,7,21,1,33,28.9,24,24,22.4,21,84,68,54,31,14.4,0,997.5,996,994.5,0,0
2019,7,22,2,28,24.3,22,22,20.7,16,91,79.4,62,26,11.7,0,998.2,995.5,994.2,4.57,0
2019,7,23,3,28,23,17,17,13.5,10,81,57.5,32,26,17.5,7,1000.2,999,997.9,0,0
2019,7,24,4,29,23.2,18,14,12.3,9,78,52.3,29,22,12.8,0,1002.5,1001.1,999.5,0,0
2019,7,25,5,30,24,18,14,12.9,11,75,52,32,11,6.2,0,1005.2,1003.5,1002.2,0,0
2019,7,26,6,31,25.7,19,17,14.8,12,79,53.3,33,15,6,0,1006.8,1005.2,1004.2,0,0
2019,7,27,7,33,27.1,21,18,16.8,15,81,55.7,34,24,10.3,0,1006.8,1005.1,1003.5,0,0
2019,7,28,1,33,27.8,22,19,17.8,16,81,56.8,35,19,10,0,1004.5,1002.8,1000.5,0,0
2019,7,29,2,33,27.2,23,21,18.7,17,90,62.9,38,35,15.5,0,1000.5,998.3,996.2,0,0
2019,7,30,3,31,25.6,23,22,20.8,19,93,75.6,55,26,10.9,0,998.9,997.8,996.2,8.13,0
2019,7,31,4,32,25.3,21,21,18.8,17,84,69.1,40,17,8.3,0,1001.5,1000,998.5,0,0
2019,8,1,5,32,26.7,21,18,17,16,78,57.1,39,17,10.6,6,1001.8,1000.4,998.5,0,0
2019,8,2,6,33,27.3,22,19,18.3,17,87,60,39,19,10.6,0,1000.8,999.5,997.9,0,0
2019,8,3,7,33,27.9,22,19,17,15,75,53.7,35,17,9.7,0,999.9,998.4,996.5,0,0
2019,8,4,1,33,27.9,22,18,15.7,13,71,49,31,19,9.4,0,999.2,997.8,996.2,0,0
2019,8,5,2,34,27.4,22,19,16.5,14,79,53.7,31,17,5.9,0,998.5,996.8,994.9,0,0
2019,8,6,3,34,28.2,22,22,19.3,17,76,59.5,42,26,14.5,0,995.9,993.4,990.5,0,0
2019,8,7,4,32,25.2,22,21,17.8,16,81,65.6,38,20,10.7,0,994.5,993.3,991.9,0,0
2019,8,8,5,33,27.5,22,21,18.6,17,84,61.1,40,24,10.8,0,995.5,994.5,993.5,0,0
2019,8,9,6,34,28.7,24,22,19.9,17,85,60.6,41,20,11.4,0,996.2,995.1,993.9,0,0
2019,8,10,7,32,26.8,21,18,14.5,12,73,49.3,29,20,9.5,0,998.2,996.9,995.9,0,0
2019,8,11,1,33,26.8,21,16,13.8,12,65,46.6,27,13,5.8,0,1000.2,998.5,997.2,0,0
2019,8,12,2,32,27,22,21,18.2,16,78,59.7,46,22,9.4,0,997.2,995.5,992.5,0,0
2019,8,13,3,31,26.6,23,23,21.6,20,87,73.6,61,37,14.9,0,994.5,992.5,990.2,2.79,0
2019,8,14,4,33,27.8,23,22,19.6,17,91,63.5,39,24,13,0,996.5,995.2,994.2,12.19,0
2019,8,15,5,30,25.8,21,18,17,15,81,58.9,40,24,13,7,997.9,996.9,995.9,0,0
2019,8,16,6,33,26.6,21,19,17.4,16,81,59.3,38,19,8.4,0,998.9,997.4,995.9,0,0
2019,8,17,7,34,29,23,21,20,19,81,59.3,42,22,10.4,0,998.2,996.5,995.2,0,0
2019,8,18,1,36,30.2,24,21,19.3,16,79,53.7,31,22,12.1,0,997.9,996.1,994.9,0,0
2019,8,19,2,37,29.5,23,22,20.4,18,87,60,35,19,9.4,0,999.5,998.1,996.9,0.25,0
2019,8,20,3,36,27.9,23,22,20.5,17,82,65.6,39,50,15.3,0,1000.5,999.2,997.5,0,0
2019,8,21,4,33,27.5,22,23,20.1,18,87,66.2,43,20,11.6,6,998.9,997.7,995.9,0.51,0
2019,8,22,5,30,25.6,22,23,20.1,18,87,72.6,49,44,12.7,0,999.2,997.3,995.5,12.7,0
2019,8,23,6,24,22.4,20,22,18.9,14,91,80.8,62,22,11.4,0,1002.2,1000,996.9,0,0
2019,8,24,7,28,22,16,14,12.2,11,81,55.6,36,28,14,6,1003.8,1002.3,1000.5,11.43,0
2019,8,25,1,29,23.5,17,22,16.9,12,87,66.7,53,20,9.9,0,1001.5,998.6,996.2,0,0
2019,8,26,2,24,22.1,21,22,20.3,19,93,89.2,81,24,19.1,13,996.5,995.1,993.5,3.3,0
2019,8,27,3,29,25,22,22,20.8,19,87,77.6,65,22,14.6,9,996.2,994.1,993.2,24.89,0
2019,8,28,4,28,22.8,18,19,14.4,10,93,63.2,33,22,11.5,0,999.9,998.2,996.2,0,0
2019,8,29,5,30,23.4,16,16,14,13,81,57.5,37,24,11,0,1002.2,1000.3,998.5,0,0
2019,8,30,6,32,26.6,20,19,16.6,15,76,55.2,43,17,9.6,0,1001.8,1000.4,999.2,0,0
2019,8,31,7,31,26.3,23,21,19.1,17,85,65.9,43,22,9.9,0,1003.5,1002.3,1001.5,0,0
2019,9,1,1,33,27,22,19,18.1,16,87,61,38,20,9.1,0,1002.5,1000.7,998.9,0,0
2019,9,2,2,31,26.1,22,20,18.5,17,84,63.9,45,19,9.6,6,1001.5,1000.3,999.2,0,1
2019,9,3,3,32,26.6,21,20,18.3,17,81,62,39,17,6.4,0,1000.2,998.4,996.2,0,0
2019,9,4,4,33,27.5,23,22,18.6,14,76,60,35,22,12.4,6,1000.2,998.4,996.9,0,0
2019,9,5,5,28,22.8,18,16,14.8,13,84,62.7,41,20,13.3,6,1001.8,1000,998.5,0,0
2019,9,6,6,32,24.2,18,21,16.6,14,80,64.2,44,31,11.6,0,998.2,996.1,993.2,0,0
2019,9,7,7,27,21.8,17,17,15,14,84,65.9,47,22,11.5,6,1000.2,998.3,996.5,0,0
2019,9,8,1,28,22.3,16,16,14.8,14,87,64.3,42,13,6.3,0,1001.5,1000,998.9,0,0
2019,9,9,2,33,25.8,19,17,16.4,16,81,58.5,35,11,5.2,0,1004.5,1002.6,1001.5,0,0
2019,9,10,3,37,28.8,21,19,17.6,17,78,53.5,31,15,8,0,1004.5,1003.1,1001.8,0,0
2019,9,11,4,35,29.5,26,20,18.9,18,66,54,38,15,8.3,0,1006.2,1003.6,1000.8,0,0
2019,9,12,5,35,30,24,20,18.8,17,76,52.7,36,17,7.8,0,1003.8,1001.9,1000.5,0,0
2019,9,13,6,36,29.5,23,20,19,16,82,55.2,37,24,12.1,0,1002.8,1001.5,999.9,0,0
2019,9,14,7,29,25.3,21,15,12.4,8,65,45.8,26,20,11.8,0,1008.2,1005.4,1003.2,0,0
2019,9,15,1,34,25.6,17,16,12.2,9,75,45.9,25,13,4.9,0,1004.8,1002.5,999.5,0,0
2019,9,16,2,36,28.1,21,20,17.7,16,78,55.5,38,24,10.3,0,1001.2,999.4,997.2,0,0
2019,9,17,3,32,27,22,19,16.2,13,76,53.8,33,15,10.4,6,1001.2,999.7,998.5,0,0
2019,9,18,4,32,26.1,19,17,15.6,14,78,53.9,35,15,9.1,0,1000.8,999.6,998.2,0,0
2019,9,19,5,33,26.9,21,18,15.8,13,71,51.3,33,17,8.6,0,1001.5,999.9,998.9,0,0
2019,9,20,6,32,27,22,18,17,16,76,55.5,42,22,13.4,6,1005.2,1003.1,1000.5,0,0
2019,9,21,7,33,27,23,17,14.6,12,71,48.6,28,19,11,6,1006.8,1004.3,1002.2,0,0
2019,9,22,1,33,26.7,19,14,13.2,12,73,45.7,27,30,14.7,7,1002.8,1000.4,997.2,0,0
2019,9,23,2,31,25.4,21,19,16,11,79,58,31,24,15.4,9,998.9,997.8,996.9,1.02,0
2019,9,24,3,28,21.6,16,12,9.6,6,78,49.6,26,11,5.4,0,1000.5,998.2,995.2,0,0
2019,9,25,4,31,23.3,14,18,12.2,8,75,52.4,25,20,11.7,6,995.5,993.6,991.5,0,0
2019,9,26,5,28,24.5,20,19,11.8,4,76,47.6,23,17,10.4,0,997.2,995.4,992.5,0,0
2019,9,27,6,34,25.4,16,18,13.4,7,67,48.7,33,28,13.1,0,997.5,995.4,993.2,0,0
2019,9,28,7,35,29.3,25,19,16.6,14,66,48,28,31,13,0,1002.2,998.6,994.5,0,0
2019,9,29,1,35,28.5,23,18,17.3,16,73,52.7,32,26,8.3,0,1004.2,1002.5,1000.8,0,0
2019,9,30,2,36,29.1,23,19,18.1,18,76,53.9,34,22,6.9,0,1003.2,1001.2,999.2,0,0
2019,10,1,3,36,29.2,23,19,18.1,17,79,53.5,33,20,7.9,0,1001.5,999.4,997.2,0,0
2019,10,2,4,36,29.1,22,18,17.3,16,76,50.7,30,31,12.4,0,998.9,996.9,995.2,0,0
2019,10,3,5,34,28.1,23,20,17.2,14,68,52,36,28,16.2,0,1001.8,998.3,996.2,0,0
2019,10,4,6,24,19.5,16,13,8.5,5,75,50.7,29,24,17.4,9,1007.2,1005,1002.5,0,0
2019,10,5,7,29,20.1,12,11,8.1,7,75,49.2,24,19,8.1,0,1004.8,1000.4,996.9,0,0
2019,10,6,1,26,21,16,20,17.1,13,90,79.1,62,24,13.3,0,1003.2,1000.7,996.9,1.27,0
2019,10,7,2,19,15.5,14,13,11.2,9,87,76,54,13,6.3,0,1005.5,1003.9,1002.5,34.29,0
2019,10,8,3,23,14.6,10,10,7.6,3,96,70.6,26,20,7.7,0,1005.5,1004.1,1001.5,0.51,0
2019,10,9,4,18,15.4,12,14,11.2,5,87,76.8,49,13,7.1,0,1003.8,1002.2,1001.2,0,0
2019,10,10,5,28,20.8,14,16,14,12,90,68.2,42,19,8,0,1002.5,1000.6,998.2,0,0
2019,10,11,6,24,16.9,8,17,12.9,7,90,78.5,55,35,18.4,6,1001.5,998.8,995.5,0,0
2019,10,12,7,15,9.5,4,5,0.5,-2,80,56.8,32,22,10.5,0,1005.2,1003,1000.5,7.87,0
2019,10,13,1,21,12.3,4,4,2.4,1,83,56.3,27,20,10.2,6,1000.2,998.4,996.2,0,0
2019,10,14,2,22,15.4,9,5,2.4,-1,69,45,22,17,7.5,0,1002.5,1000.4,997.9,0,0
2019,10,15,3,24,17.2,7,16,10.2,4,87,64.8,44,24,11.8,0,1000.8,995.8,991.2,0,0
2019,10,16,4,18,12.2,8,16,7.1,3,88,71.6,55,35,20.1,11,999.9,994.8,989.9,17.78,0
2019,10,17,5,17,10.5,6,4,2.5,2,79,60.7,35,20,9.4,0,1000.8,998.8,997.5,0,0
2019,10,18,6,18,11.9,5,6,3.9,3,86,60.8,37,13,5.9,0,1001.5,999.1,996.5,0,0
2019,10,19,7,23,15.7,7,13,7.1,3,77,58.3,39,19,8.3,0,996.5,993.8,990.5,0,0
2019,10,20,1,24,18.4,16,14,13,11,87,73.3,43,13,7.1,0,995.9,993.2,991.2,0,0
2019,10,21,2,24,18.3,14,16,13.7,12,87,75.2,57,39,21.9,11,995.5,990.9,988.5,0,0
2019,10,22,3,19,15.4,12,13,6.3,1,84,57,34,31,20.2,11,997.9,993.5,990.9,0.76,0
2019,10,23,4,19,13.4,6,2,0.3,-2,70,43,24,20,14.5,6,1003.5,1001.6,997.9,0,0
2019,10,24,5,23,15.3,8,8,3.8,1,69,48.7,29,19,8.9,0,1007.2,1005.2,1002.8,0,0
2019,10,25,6,16,14,12,10,8.5,8,80,70.5,62,17,7.3,0,1007.5,1005.6,1003.2,0,0
2019,10,26,7,20,16.2,12,17,13.8,10,94,85.5,78,39,17.9,7,1002.2,990.3,983.5,19.56,0
2019,10,27,1,19,15,11,12,8.7,7,83,67.5,47,31,11.6,0,1000.2,996.4,988.2,13.72,0
2019,10,28,2,21,12.3,8,12,8.8,6,93,79.6,51,17,5.8,0,1002.2,1000.6,999.2,0,0
2019,10,29,3,17,14.5,12,11,10.4,9,89,76.7,62,11,6.5,0,1004.5,1002.6,1000.2,0,0
2019,10,30,4,16,14.4,13,14,12.6,9,97,88.6,74,17,8.9,0,1003.2,996.9,992.9,0,0
2019,10,31,5,15,8.5,2,14,5.6,-4,93,82,64,41,23.6,6,1007.2,993.5,987.2,42.16,0
2019,11,1,6,10,3.9,-1,-1,-3.3,-4,79,61.3,36,15,8.2,0,1011.1,1008.6,1006.2,4.83,0
2019,11,2,7,13,6,0,1,-1.2,-3,85,63.3,37,22,10.9,0,1006.8,1005.5,1004.5,0,0
2019,11,3,1,13,7.4,0,0,-1.8,-3,88,56.8,32,20,9.7,6,1008.2,1005.5,1002.8,0,0
2019,11,4,2,18,10.8,3,1,-0.7,-2,73,48.5,28,24,12.6,6,1003.5,1002.1,1000.5,0,0
2019,11,5,3,13,9.2,4,6,3.5,0,86,68.7,43,19,10.3,0,1010.8,1007.6,1002.5,0,0
2019,11,6,4,14,8.5,2,8,2.7,-1,86,69.5,40,19,5.3,0,1012.5,1009.2,1004.2,1.02,0
2019,11,7,5,11,6.8,1,9,4,-6,90,81.9,64,31,15.2,0,1011.8,1006.9,1003.8,5.84,0
2019,11,8,6,4,0,-3,-6,-7.9,-9,72,56.3,39,20,9.4,0,1014.1,1011.9,1008.5,10.16,0
2019,11,9,7,11,4.3,-3,-4,-5.7,-7,78,51.9,29,20,8.9,0,1008.8,1003.3,999.5,0,0
2019,11,10,1,19,12.3,6,4,0.8,-3,66,46.6,33,28,13.5,7,1000.8,998.9,996.2,0,0
2019,11,11,2,16,6.2,-1,6,1.9,-3,93,76.9,49,33,19.4,0,1005.8,1000.6,996.2,0,1
2019,11,12,3,-1,-4.8,-7,-4,-10.5,-13,81,65.7,57,31,18.1,7,1014.1,1012,1006.5,6.1,0
2019,11,13,4,2,-3.4,-9,-6,-9.5,-13,77,63.9,43,19,9.8,0,1012.8,1008.8,1003.8,0,0
2019,11,14,5,9,3,-3,-4,-5.4,-6,78,56.2,36,17,8.9,0,1009.2,1006.4,1004.2,0,0
2019,11,15,6,7,1.8,-2,-3,-4.4,-6,78,64.1,43,15,8.8,0,1010.8,1009.3,1008.5,0,0
2019,11,16,7,9,3.1,-2,-2,-3,-4,82,64.8,44,17,10.4,0,1009.8,1007.3,1003.5,0,0
2019,11,17,1,9,4.5,-2,-1,-2.4,-4,85,62.8,44,7,2.4,0,1002.8,998.6,993.5,0,0
2019,11,18,2,8,5.8,3,3,1.2,-1,83,72.2,65,17,5.7,0,993.2,992,990.9,0,0
2019,11,19,3,8,6.6,3,6,4.4,1,93,84.9,66,15,9.1,6,997.5,993.1,990.5,0,0
2019,11,20,4,9,7.1,5,5,3.5,3,89,79.3,68,19,8.3,0,1006.5,1003.8,997.9,3.05,0
2019,11,21,5,16,11.2,6,8,5.2,3,82,67.8,46,31,16.2,9,1004.5,1000.1,997.2,0,0
2019,11,22,6,14,8.4,4,11,5.2,1,90,80.7,63,30,14.3,6,1002.5,999.8,996.9,12.45,0
2019,11,23,7,7,5,4,4,2.6,0,89,84.9,76,20,13.3,0,998.5,990.4,986.2,0.51,0
2019,11,24,1,11,5.9,2,2,0.8,0,86,71.4,50,20,13.6,6,994.5,993,991.2,5.33,0
2019,11,25,2,18,9.9,3,4,2.7,1,86,63,38,20,12,7,992.5,991.1,989.5,0,0
2019,11,26,3,14,11.6,7,11,6.9,3,90,73.8,56,26,17.2,7,994.9,992,989.2,0,0
2019,11,27,4,17,12.3,4,14,5.1,-2,89,64.9,36,57,30,9,1007.8,992.6,983.5,22.1,0
2019,11,28,5,6,4.3,2,-2,-2.1,-3,72,63.2,60,20,11.7,6,1013.8,1011.7,1007.8,0,1
2019,11,29,6,8,6,4,1,-1.2,-2,65,60.2,54,13,7.2,0,1010.5,1007.1,1000.5,0,1
2019,11,30,7,16,7.5,4,13,5.9,2,93,90.2,76,26,10.9,0,999.9,992.5,980.5,36.07,0
2019,12,1,1,17,8.7,3,14,3.4,-2,87,69.9,46,43,26.4,11,988.9,983.6,979.2,40.64,0
2019,12,2,2,3,2.4,2,1,-1.1,-2,86,77.7,70,31,21.8,9,1001.2,996.5,989.2,1.02,0
2019,12,3,3,7,3.3,1,-2,-3,-4,76,64.1,49,20,14.9,9,999.9,995.5,990.2,0,0
2019,12,4,4,12,6.9,3,0,-1.4,-3,76,58.3,34,33,19.8,11,996.5,991.6,989.2,0,0
2019,12,5,5,14,7.5,1,1,-1.4,-2,79,55.7,33,15,7.1,0,1002.5,1000.1,996.9,0,0
2019,12,6,6,12,9,5,7,3.3,-1,83,68.1,41,26,12.1,0,1008.8,1003.2,999.9,0,0
2019,12,7,7,10,4.2,-1,-1,-2.3,-4,79,64.4,43,15,8.5,0,1011.1,1009.1,1006.8,1.78,0
2019,12,8,1,16,9.3,1,7,3,-2,89,67.7,49,26,12.8,0,1006.2,1001,995.5,0,0
2019,12,9,2,17,14.6,12,13,10.1,4,83,75.1,53,37,23.9,15,994.9,988.8,984.9,2.29,0
2019,12,10,3,11,1.1,-3,8,-6.3,-12,80,59.1,42,31,19.3,9,1011.5,1003.3,991.5,1.78,0
2019,12,11,4,6,0.1,-6,-6,-8,-9,78,56.7,37,22,10.1,0,1015.5,1013.9,1011.8,0,0
2019,12,12,5,11,3.5,-3,-2,-4.7,-7,75,56.6,35,15,9,0,1015.8,1011.1,1003.8,0,0
2019,12,13,6,9,7.6,4,6,3.9,-3,93,77.8,56,20,8.7,0,1003.2,996,989.5,0,0
2019,12,14,7,8,6.5,4,6,3.1,1,93,80.8,66,26,14.6,0,994.9,989.8,987.9,12.7,0
2019,12,15,1,4,2.5,1,1,-2.4,-5,86,70.9,59,26,13.5,0,1003.2,999.8,995.5,0,0
2019,12,16,2,4,3.1,2,2,1.6,1,93,89.1,86,24,12.7,6,1000.2,996.9,993.2,8.13,0
2019,12,17,3,5,1.4,-2,1,-2,-6,93,79.6,55,31,20.9,9,1003.8,998.9,992.5,24.13,0
2019,12,18,4,-1,-2.8,-4,-6,-7,-9,81,74.3,66,22,13.3,6,1012.1,1007.7,1003.2,0.25,0
2019,12,19,5,6,-0.4,-6,-6,-7.4,-9,85,61.5,38,15,8.4,0,1014.1,1012.5,1011.5,0,0
2019,12,20,6,9,3.5,-2,-3,-4.6,-6,75,57.2,37,9,6.5,0,1016.1,1013.8,1012.1,0,0
2019,12,21,7,12,6.2,1,-1,-2,-3,79,57.4,37,11,5.9,0,1013.1,1011.5,1010.2,0,0
2019,12,22,1,12,5.8,1,1,-0.5,-2,89,65.9,45,7,4.4,0,1010.5,1007.8,1003.8,0,0
2019,12,23,2,17,8.3,1,4,1.3,-1,85,64.2,37,19,8.2,0,1003.2,1001.6,999.9,0,0
2019,12,24,3,18,8.2,2,5,2.6,0,89,70.3,39,9,2.2,0,1003.2,1000.8,999.2,0,1
2019,12,25,4,21,10.1,2,9,4.8,-1,86,71.1,47,17,7,0,1000.2,999,997.9,0,1
2019,12,26,5,18,14.5,9,10,8.8,7,90,69.5,56,19,11,7,1003.2,1001.7,999.2,0,0
2019,12,27,6,17,15.5,12,12,9.9,8,83,70,58,15,9.3,0,1006.5,1004.8,1002.8,0,0
2019,12,28,7,17,14.1,12,13,10.7,9,87,80.4,70,19,9.6,0,1004.8,1002,994.9,0,0
2019,12,29,1,18,16.2,13,16,13.6,11,90,84.8,70,22,14.2,6,994.2,989.8,980.5,3.56,0
2019,12,30,2,14,8.3,4,12,3.4,-2,90,72.1,55,52,25.4,0,992.5,987.1,979.6,36.07,0
2019,12,31,3,4,3.5,3,-2,-3.1,-4,65,61.3,57,33,23.7,11,996.5,994.5,991.9,0,1